{"learning_rate": 0.07404227072403019, "num_leaves": 80, "max_depth": 84, "num_iteration": 1348, "min_data_in_leaf": 59, "lambda_l1": 0.8575481258231645, "lambda_l2": 0.5604848965763127}