{"learning_rate": 0.08452441982552322, "num_leaves": 60, "max_depth": 245, "num_iteration": 492, "min_data_in_leaf": 36, "lambda_l1": 0.07516605872357737, "lambda_l2": 0.41619496238065556}