{"learning_rate": 0.07919036493365018, "num_leaves": 163, "max_depth": 187, "num_iteration": 1151, "min_data_in_leaf": 16, "lambda_l1": 0.6189362984328154, "lambda_l2": 0.7774015151977044}