{"learning_rate": 0.09024363397203256, "num_leaves": 77, "max_depth": 214, "num_iteration": 435, "min_data_in_leaf": 56, "lambda_l1": 0.8768317174586937, "lambda_l2": 0.9460449648489488}