{"learning_rate": 0.05729519170332534, "num_leaves": 70, "max_depth": 172, "num_iteration": 2087, "min_data_in_leaf": 83, "lambda_l1": 0.3997527746257354, "lambda_l2": 0.8027315072121144}