{"learning_rate": 0.07844741739730707, "num_leaves": 83, "max_depth": 212, "num_iteration": 1547, "min_data_in_leaf": 59, "lambda_l1": 0.8734417142655264, "lambda_l2": 0.7334791806443761}