{"learning_rate": 0.07152343846029628, "num_leaves": 115, "max_depth": 92, "num_iteration": 2792, "min_data_in_leaf": 79, "lambda_l1": 0.1849161858286606, "lambda_l2": 0.4334466494493142}