{"learning_rate": 0.0568081479176309, "num_leaves": 62, "max_depth": 176, "num_iteration": 447, "min_data_in_leaf": 40, "lambda_l1": 0.979752971513857, "lambda_l2": 0.6610870998264816}