{"learning_rate": 0.07173790483985241, "num_leaves": 72, "max_depth": 131, "num_iteration": 486, "min_data_in_leaf": 68, "lambda_l1": 0.2003768758395322, "lambda_l2": 0.20594762112047613}