{"learning_rate": 0.06427375377140097, "num_leaves": 77, "max_depth": 236, "num_iteration": 1208, "min_data_in_leaf": 12, "lambda_l1": 0.1797136169667939, "lambda_l2": 0.5950888558386984}