{"learning_rate": 0.09580831633614803, "num_leaves": 50, "max_depth": 135, "num_iteration": 1088, "min_data_in_leaf": 50, "lambda_l1": 0.3054856084841336, "lambda_l2": 0.5132834647544645}