{"learning_rate": 0.09057116783035282, "num_leaves": 54, "max_depth": 160, "num_iteration": 1880, "min_data_in_leaf": 90, "lambda_l1": 0.5926263306067735, "lambda_l2": 0.26350723826716443}