{"learning_rate": 0.04651663191941749, "num_leaves": 78, "max_depth": 251, "num_iteration": 2907, "min_data_in_leaf": 94, "lambda_l1": 0.5369833632848163, "lambda_l2": 0.5094347303868071}