{"learning_rate": 0.08483870210929927, "num_leaves": 87, "max_depth": 63, "num_iteration": 1977, "min_data_in_leaf": 91, "lambda_l1": 0.5048994510994066, "lambda_l2": 0.5209469136538634}