{"learning_rate": 0.03252966250432785, "num_leaves": 191, "max_depth": 220, "num_iteration": 1325, "min_data_in_leaf": 46, "lambda_l1": 0.22640027725273137, "lambda_l2": 0.5363417163016005}