{"learning_rate": 0.04949677667677196, "num_leaves": 84, "max_depth": 291, "num_iteration": 1990, "min_data_in_leaf": 30, "lambda_l1": 0.6710371145219041, "lambda_l2": 0.2026084507877223}