{"learning_rate": 0.07748903137697044, "num_leaves": 104, "max_depth": 283, "num_iteration": 1890, "min_data_in_leaf": 69, "lambda_l1": 0.2327434434974452, "lambda_l2": 0.521046144553482}