{"learning_rate": 0.05033154809472056, "num_leaves": 105, "max_depth": 193, "num_iteration": 2557, "min_data_in_leaf": 62, "lambda_l1": 0.2679881913205301, "lambda_l2": 0.24141511163114476}