{"learning_rate": 0.06008193665998031, "num_leaves": 289, "max_depth": 103, "num_iteration": 2661, "min_data_in_leaf": 100, "lambda_l1": 0.21697351798328848, "lambda_l2": 0.2874780251071601}